{"error": true, "size": [1920, 1080], "name": "WINTERMUTE", "version": "1.0", "location": {"label": {"collect_one": ["game/script/collector.rpy", 1], "collect_one.opts1": ["game/script/collector.rpy", 68], "collect_one.one": ["game/script/collector.rpy", 144], "collect_two": ["game/script/collector.rpy", 158], "collect_three": ["game/script/collector.rpy", 295], "collect_four": ["game/script/collector.rpy", 354], "collect_five": ["game/script/collector.rpy", 371], "day_one": ["game/script/day 1.rpy", 1], "ai_culprit": ["game/script/day 1.rpy", 129], "ai_culprit.opts": ["game/script/day 1.rpy", 135], "ai_culprit.ai_followup": ["game/script/day 1.rpy", 185], "witnesses": ["game/script/day 1.rpy", 214], "witnesses.one": ["game/script/day 1.rpy", 250], "day_one_end": ["game/script/day 1.rpy", 267], "day_one_end.opts": ["game/script/day 1.rpy", 363], "day_one_end.case_info1": ["game/script/day 1.rpy", 392], "day_two": ["game/script/day 2.rpy", 1], "day_two_end": ["game/script/day 2.rpy", 89], "day_three": ["game/script/day 2.rpy", 118], "day_three_end": ["game/script/day 2.rpy", 137], "day_four": ["game/script/day 2.rpy", 147], "day_four_end": ["game/script/day 2.rpy", 172], "day_five": ["game/script/day 2.rpy", 183], "day_five_end": ["game/script/day 2.rpy", 199], "dowager_one": ["game/script/dowager.rpy", 1], "dowager_one.opts1": ["game/script/dowager.rpy", 56], "dowager_one.opts2": ["game/script/dowager.rpy", 119], "dowager_two": ["game/script/dowager.rpy", 167], "dowager_three": ["game/script/dowager.rpy", 319], "dowager_four": ["game/script/dowager.rpy", 335], "dowager_five": ["game/script/dowager.rpy", 352], "interview_picker": ["game/script/flow.rpy", 1], "accuse": ["game/script/flow.rpy", 169], "kid_one": ["game/script/kid.rpy", 1], "kid_two": ["game/script/kid.rpy", 130], "kid_two.dumb": ["game/script/kid.rpy", 269], "kid_two.game": ["game/script/kid.rpy", 297], "kid_two.not_police": ["game/script/kid.rpy", 346], "kid_two.opts1": ["game/script/kid.rpy", 365], "kid_two.game_talk": ["game/script/kid.rpy", 406], "kid_two.questions1": ["game/script/kid.rpy", 493], "kid_two.route1": ["game/script/kid.rpy", 557], "kid_two.finish_two": ["game/script/kid.rpy", 569], "kid_three": ["game/script/kid.rpy", 589], "kid_four": ["game/script/kid.rpy", 724], "kid_five": ["game/script/kid.rpy", 741], "kid_six": ["game/script/kid.rpy", 758], "start": ["game/script/script.rpy", 90], "splicer_one": ["game/script/splicer.rpy", 1], "splicer_one.opts1": ["game/script/splicer.rpy", 32], "splicer_one.one": ["game/script/splicer.rpy", 136], "splicer_two": ["game/script/splicer.rpy", 209], "splicer_three": ["game/script/splicer.rpy", 342], "splicer_four": ["game/script/splicer.rpy", 547], "splicer_five": ["game/script/splicer.rpy", 564]}, "define": {}, "screen": {}, "transform": {}, "callable": {}}}