{"error": false, "size": [1920, 1080], "name": "WINTERMUTE", "version": "1.0", "location": {"label": {"collect_one": ["game/script/collector.rpy", 1], "collect_one.opts1": ["game/script/collector.rpy", 68], "collect_one.one": ["game/script/collector.rpy", 144], "collect_two": ["game/script/collector.rpy", 158], "collect_three": ["game/script/collector.rpy", 295], "collect_four": ["game/script/collector.rpy", 354], "collect_five": ["game/script/collector.rpy", 371], "day_one": ["game/script/day 1.rpy", 1], "ai_culprit": ["game/script/day 1.rpy", 129], "ai_culprit.opts": ["game/script/day 1.rpy", 135], "ai_culprit.ai_followup": ["game/script/day 1.rpy", 185], "witnesses": ["game/script/day 1.rpy", 214], "witnesses.one": ["game/script/day 1.rpy", 250], "day_one_end": ["game/script/day 1.rpy", 267], "day_one_end.opts": ["game/script/day 1.rpy", 363], "day_one_end.case_info1": ["game/script/day 1.rpy", 392], "day_two": ["game/script/day 2.rpy", 1], "day_two_end": ["game/script/day 2.rpy", 89], "day_three": ["game/script/day 2.rpy", 118], "day_three_end": ["game/script/day 2.rpy", 137], "day_four": ["game/script/day 2.rpy", 147], "day_four_end": ["game/script/day 2.rpy", 172], "day_five": ["game/script/day 2.rpy", 183], "day_five_end": ["game/script/day 2.rpy", 199], "decker_one": ["game/script/decker.rpy", 1], "decker_one.opts1": ["game/script/decker.rpy", 43], "decker_one.one": ["game/script/decker.rpy", 148], "decker_two": ["game/script/decker.rpy", 159], "decker_three": ["game/script/decker.rpy", 315], "decker_four": ["game/script/decker.rpy", 369], "decker_five": ["game/script/decker.rpy", 389], "dowager_one": ["game/script/dowager.rpy", 1], "dowager_one.opts1": ["game/script/dowager.rpy", 56], "dowager_one.opts2": ["game/script/dowager.rpy", 119], "dowager_two": ["game/script/dowager.rpy", 167], "dowager_three": ["game/script/dowager.rpy", 319], "dowager_four": ["game/script/dowager.rpy", 335], "dowager_five": ["game/script/dowager.rpy", 352], "interview_picker": ["game/script/flow.rpy", 1], "accuse": ["game/script/flow.rpy", 169], "kid_one": ["game/script/kid.rpy", 1], "kid_two": ["game/script/kid.rpy", 130], "kid_two.dumb": ["game/script/kid.rpy", 269], "kid_two.game": ["game/script/kid.rpy", 297], "kid_two.not_police": ["game/script/kid.rpy", 346], "kid_two.opts1": ["game/script/kid.rpy", 365], "kid_two.game_talk": ["game/script/kid.rpy", 406], "kid_two.questions1": ["game/script/kid.rpy", 493], "kid_two.route1": ["game/script/kid.rpy", 557], "kid_two.finish_two": ["game/script/kid.rpy", 569], "kid_three": ["game/script/kid.rpy", 589], "kid_four": ["game/script/kid.rpy", 724], "kid_five": ["game/script/kid.rpy", 741], "kid_six": ["game/script/kid.rpy", 758], "start": ["game/script/script.rpy", 90], "splicer_one": ["game/script/splicer.rpy", 1], "splicer_one.opts1": ["game/script/splicer.rpy", 32], "splicer_one.one": ["game/script/splicer.rpy", 136], "splicer_two": ["game/script/splicer.rpy", 209], "splicer_three": ["game/script/splicer.rpy", 342], "splicer_four": ["game/script/splicer.rpy", 547], "splicer_five": ["game/script/splicer.rpy", 564]}, "define": {"gui.accent_color": ["game/gui.rpy", 26], "gui.idle_color": ["game/gui.rpy", 29], "gui.idle_small_color": ["game/gui.rpy", 33], "gui.hover_color": ["game/gui.rpy", 36], "gui.selected_color": ["game/gui.rpy", 40], "gui.insensitive_color": ["game/gui.rpy", 43], "gui.muted_color": ["game/gui.rpy", 47], "gui.hover_muted_color": ["game/gui.rpy", 48], "gui.text_color": ["game/gui.rpy", 51], "gui.interface_text_color": ["game/gui.rpy", 52], "gui.text_font": ["game/gui.rpy", 58], "gui.name_text_font": ["game/gui.rpy", 61], "gui.interface_text_font": ["game/gui.rpy", 64], "gui.text_size": ["game/gui.rpy", 67], "gui.name_text_size": ["game/gui.rpy", 70], "gui.interface_text_size": ["game/gui.rpy", 73], "gui.label_text_size": ["game/gui.rpy", 76], "gui.notify_text_size": ["game/gui.rpy", 79], "gui.title_text_size": ["game/gui.rpy", 82], "gui.main_menu_background": ["game/gui.rpy", 88], "gui.game_menu_background": ["game/gui.rpy", 89], "gui.textbox_height": ["game/gui.rpy", 98], "gui.textbox_yalign": ["game/gui.rpy", 102], "gui.name_xpos": ["game/gui.rpy", 107], "gui.name_ypos": ["game/gui.rpy", 108], "gui.name_xalign": ["game/gui.rpy", 112], "gui.namebox_width": ["game/gui.rpy", 116], "gui.namebox_height": ["game/gui.rpy", 117], "gui.namebox_borders": ["game/gui.rpy", 121], "gui.namebox_tile": ["game/gui.rpy", 125], "gui.dialogue_xpos": ["game/gui.rpy", 131], "gui.dialogue_ypos": ["game/gui.rpy", 132], "gui.dialogue_width": ["game/gui.rpy", 135], "gui.dialogue_text_xalign": ["game/gui.rpy", 139], "gui.button_width": ["game/gui.rpy", 148], "gui.button_height": ["game/gui.rpy", 149], "gui.button_borders": ["game/gui.rpy", 152], "gui.button_tile": ["game/gui.rpy", 156], "gui.button_text_font": ["game/gui.rpy", 159], "gui.button_text_size": ["game/gui.rpy", 162], "gui.button_text_idle_color": ["game/gui.rpy", 165], "gui.button_text_hover_color": ["game/gui.rpy", 166], "gui.button_text_selected_color": ["game/gui.rpy", 167], "gui.button_text_insensitive_color": ["game/gui.rpy", 168], "gui.button_text_xalign": ["game/gui.rpy", 172], "gui.radio_button_borders": ["game/gui.rpy", 181], "gui.check_button_borders": ["game/gui.rpy", 183], "gui.confirm_button_text_xalign": ["game/gui.rpy", 185], "gui.page_button_borders": ["game/gui.rpy", 187], "gui.quick_button_borders": ["game/gui.rpy", 189], "gui.quick_button_text_size": ["game/gui.rpy", 190], "gui.quick_button_text_idle_color": ["game/gui.rpy", 191], "gui.quick_button_text_selected_color": ["game/gui.rpy", 192], "gui.choice_button_width": ["game/gui.rpy", 205], "gui.choice_button_height": ["game/gui.rpy", 206], "gui.choice_button_tile": ["game/gui.rpy", 207], "gui.choice_button_borders": ["game/gui.rpy", 208], "gui.choice_button_text_font": ["game/gui.rpy", 209], "gui.choice_button_text_size": ["game/gui.rpy", 210], "gui.choice_button_text_xalign": ["game/gui.rpy", 211], "gui.choice_button_text_idle_color": ["game/gui.rpy", 212], "gui.choice_button_text_hover_color": ["game/gui.rpy", 213], "gui.choice_button_text_insensitive_color": ["game/gui.rpy", 214], "gui.slot_button_width": ["game/gui.rpy", 224], "gui.slot_button_height": ["game/gui.rpy", 225], "gui.slot_button_borders": ["game/gui.rpy", 226], "gui.slot_button_text_size": ["game/gui.rpy", 227], "gui.slot_button_text_xalign": ["game/gui.rpy", 228], "gui.slot_button_text_idle_color": ["game/gui.rpy", 229], "gui.slot_button_text_selected_idle_color": ["game/gui.rpy", 230], "gui.slot_button_text_selected_hover_color": ["game/gui.rpy", 231], "config.thumbnail_width": ["game/gui.rpy", 234], "config.thumbnail_height": ["game/gui.rpy", 235], "gui.file_slot_cols": ["game/gui.rpy", 238], "gui.file_slot_rows": ["game/gui.rpy", 239], "gui.navigation_xpos": ["game/gui.rpy", 249], "gui.skip_ypos": ["game/gui.rpy", 252], "gui.notify_ypos": ["game/gui.rpy", 255], "gui.choice_spacing": ["game/gui.rpy", 258], "gui.navigation_spacing": ["game/gui.rpy", 261], "gui.pref_spacing": ["game/gui.rpy", 264], "gui.pref_button_spacing": ["game/gui.rpy", 267], "gui.page_spacing": ["game/gui.rpy", 270], "gui.slot_spacing": ["game/gui.rpy", 273], "gui.main_menu_text_xalign": ["game/gui.rpy", 276], "gui.frame_borders": ["game/gui.rpy", 285], "gui.confirm_frame_borders": ["game/gui.rpy", 288], "gui.skip_frame_borders": ["game/gui.rpy", 291], "gui.notify_frame_borders": ["game/gui.rpy", 294], "gui.frame_tile": ["game/gui.rpy", 297], "gui.bar_size": ["game/gui.rpy", 309], "gui.scrollbar_size": ["game/gui.rpy", 310], "gui.slider_size": ["game/gui.rpy", 311], "gui.bar_tile": ["game/gui.rpy", 314], "gui.scrollbar_tile": ["game/gui.rpy", 315], "gui.slider_tile": ["game/gui.rpy", 316], "gui.bar_borders": ["game/gui.rpy", 319], "gui.scrollbar_borders": ["game/gui.rpy", 320], "gui.slider_borders": ["game/gui.rpy", 321], "gui.vbar_borders": ["game/gui.rpy", 324], "gui.vscrollbar_borders": ["game/gui.rpy", 325], "gui.vslider_borders": ["game/gui.rpy", 326], "gui.unscrollable": ["game/gui.rpy", 330], "config.history_length": ["game/gui.rpy", 338], "gui.history_height": ["game/gui.rpy", 342], "gui.history_name_xpos": ["game/gui.rpy", 346], "gui.history_name_ypos": ["game/gui.rpy", 347], "gui.history_name_width": ["game/gui.rpy", 348], "gui.history_name_xalign": ["game/gui.rpy", 349], "gui.history_text_xpos": ["game/gui.rpy", 352], "gui.history_text_ypos": ["game/gui.rpy", 353], "gui.history_text_width": ["game/gui.rpy", 354], "gui.history_text_xalign": ["game/gui.rpy", 355], "gui.nvl_borders": ["game/gui.rpy", 363], "gui.nvl_list_length": ["game/gui.rpy", 367], "gui.nvl_height": ["game/gui.rpy", 371], "gui.nvl_spacing": ["game/gui.rpy", 375], "gui.nvl_name_xpos": ["game/gui.rpy", 379], "gui.nvl_name_ypos": ["game/gui.rpy", 380], "gui.nvl_name_width": ["game/gui.rpy", 381], "gui.nvl_name_xalign": ["game/gui.rpy", 382], "gui.nvl_text_xpos": ["game/gui.rpy", 385], "gui.nvl_text_ypos": ["game/gui.rpy", 386], "gui.nvl_text_width": ["game/gui.rpy", 387], "gui.nvl_text_xalign": ["game/gui.rpy", 388], "gui.nvl_thought_xpos": ["game/gui.rpy", 392], "gui.nvl_thought_ypos": ["game/gui.rpy", 393], "gui.nvl_thought_width": ["game/gui.rpy", 394], "gui.nvl_thought_xalign": ["game/gui.rpy", 395], "gui.nvl_button_xpos": ["game/gui.rpy", 398], "gui.nvl_button_xalign": ["game/gui.rpy", 399], "gui.language": ["game/gui.rpy", 407], "quick_menu": ["game/screens.rpy", 269], "gui.history_allow_tags": ["game/screens.rpy", 950], "config.nvl_list_length": ["game/screens.rpy", 1378], "config.name": ["game/options.rpy", 15], "gui.show_name": ["game/options.rpy", 21], "config.version": ["game/options.rpy", 26], "gui.about": ["game/options.rpy", 32], "build.name": ["game/options.rpy", 40], "config.has_sound": ["game/options.rpy", 49], "config.has_music": ["game/options.rpy", 50], "config.has_voice": ["game/options.rpy", 51], "config.main_menu_music": ["game/options.rpy", 65], "config.enter_transition": ["game/options.rpy", 75], "config.exit_transition": ["game/options.rpy", 76], "config.intra_transition": ["game/options.rpy", 81], "config.after_load_transition": ["game/options.rpy", 86], "config.end_game_transition": ["game/options.rpy", 91], "config.window": ["game/options.rpy", 108], "config.window_show_transition": ["game/options.rpy", 113], "config.window_hide_transition": ["game/options.rpy", 114], "config.save_directory": ["game/options.rpy", 145], "config.window_icon": ["game/options.rpy", 152], "Yuri": ["game/script/script.rpy", 8], "d": ["game/script/script.rpy", 9], "cop": ["game/script/script.rpy", 10], "kid": ["game/script/script.rpy", 11], "dowager": ["game/script/script.rpy", 12], "decker": ["game/script/script.rpy", 13], "tal": ["game/script/script.rpy", 14], "splicer": ["game/script/script.rpy", 15], "ai": ["game/script/script.rpy", 16], "game": ["game/script/script.rpy", 17], "unk": ["game/script/script.rpy", 18], "day": ["game/script/script.rpy", 29], "kid_num": ["game/script/script.rpy", 30], "dowager_num": ["game/script/script.rpy", 31], "decker_num": ["game/script/script.rpy", 32], "splicer_num": ["game/script/script.rpy", 33], "collect_num": ["game/script/script.rpy", 34], "just_saw": ["game/script/script.rpy", 36], "changer": ["game/script/script.rpy", 37], "mean2cop": ["game/script/script.rpy", 41], "daily_time": ["game/script/script.rpy", 42], "first_seen": ["game/script/script.rpy", 43], "did_favour": ["game/script/script.rpy", 44], "knows_game": ["game/script/script.rpy", 48], "deckers_name": ["game/script/script.rpy", 49], "p_cameras": ["game/script/script.rpy", 53], "p_prints": ["game/script/script.rpy", 54], "p_cod": ["game/script/script.rpy", 55], "eve_choice_opts1": ["game/script/script.rpy", 56], "eve_choice_count1": ["game/script/script.rpy", 57], "eve_choice_opts2": ["game/script/script.rpy", 58], "eve_choice_count2": ["game/script/script.rpy", 59], "kid_chosen_opts1": ["game/script/script.rpy", 63], "kid_choice_count1": ["game/script/script.rpy", 64], "kid_reason": ["game/script/script.rpy", 65], "kid_route": ["game/script/script.rpy", 66], "kid_trust": ["game/script/script.rpy", 67], "dow_chosen_opts1": ["game/script/script.rpy", 70], "dow_choice_count1": ["game/script/script.rpy", 71], "dec_chosen_opts1": ["game/script/script.rpy", 74], "dec_choice_count1": ["game/script/script.rpy", 75], "spl_chosen_opts1": ["game/script/script.rpy", 78], "spl_choice_count1": ["game/script/script.rpy", 79], "spl_route": ["game/script/script.rpy", 80], "col_chosen_opts1": ["game/script/script.rpy", 83], "col_choice_count1": ["game/script/script.rpy", 84]}, "screen": {"say": ["game/screens.rpy", 98], "input": ["game/screens.rpy", 175], "choice": ["game/screens.rpy", 208], "quick_menu": ["game/screens.rpy", 1447], "navigation": ["game/screens.rpy", 290], "main_menu": ["game/screens.rpy", 353], "game_menu": ["game/screens.rpy", 418], "about": ["game/screens.rpy", 544], "save": ["game/screens.rpy", 584], "load": ["game/screens.rpy", 591], "file_slots": ["game/screens.rpy", 598], "preferences": ["game/screens.rpy", 713], "AddNote": ["game/screens.rpy", 874], "notebook": ["game/screens.rpy", 879], "Notes": ["game/screens.rpy", 885], "history": ["game/screens.rpy", 910], "help": ["game/screens.rpy", 998], "keyboard_help": ["game/screens.rpy", 1027], "mouse_help": ["game/screens.rpy", 1078], "gamepad_help": ["game/screens.rpy", 1101], "confirm": ["game/screens.rpy", 1167], "skip_indicator": ["game/screens.rpy", 1230], "notify": ["game/screens.rpy", 1286], "nvl": ["game/screens.rpy", 1325], "nvl_dialogue": ["game/screens.rpy", 1357]}, "transform": {"delayed_blink": ["game/screens.rpy", 1248], "notify_appear": ["game/screens.rpy", 1297]}, "callable": {"touch": ["game/gui.rpy", 418], "small": ["game/gui.rpy", 425], "deck_check": ["game/script/script.rpy", 99]}}, "build": {"directory_name": "WINTERMUTE-1.0", "executable_name": "WINTERMUTE", "include_update": false, "packages": [{"name": "pc", "formats": ["zip"], "file_lists": ["windows", "linux", "renpy", "all"], "description": "PC: Windows and Linux", "update": true, "dlc": false, "hidden": false}, {"name": "linux", "formats": ["tar.bz2"], "file_lists": ["linux", "linux_arm", "renpy", "all"], "description": "Linux", "update": true, "dlc": false, "hidden": false}, {"name": "mac", "formats": ["app-zip", "app-dmg"], "file_lists": ["mac", "renpy", "all"], "description": "Macintosh", "update": true, "dlc": false, "hidden": false}, {"name": "win", "formats": ["zip"], "file_lists": ["windows", "renpy", "all"], "description": "Windows", "update": true, "dlc": false, "hidden": false}, {"name": "market", "formats": ["bare-zip"], "file_lists": ["windows", "linux", "mac", "renpy", "all"], "description": "Windows, Mac, Linux for Markets", "update": true, "dlc": false, "hidden": false}, {"name": "steam", "formats": ["zip"], "file_lists": ["windows", "linux", "mac", "renpy", "all"], "description": "steam", "update": true, "dlc": false, "hidden": true}, {"name": "android", "formats": ["directory"], "file_lists": ["android", "all"], "description": "android", "update": false, "dlc": true, "hidden": true}, {"name": "ios", "formats": ["directory"], "file_lists": ["ios", "all"], "description": "ios", "update": false, "dlc": true, "hidden": true}, {"name": "web", "formats": ["zip"], "file_lists": ["web", "all"], "description": "web", "update": false, "dlc": true, "hidden": true}], "archives": [["archive", ["all"]]], "documentation_patterns": ["*.html", "*.txt"], "base_patterns": [["*.py", null], ["*.sh", null], ["*.app/", null], ["*.dll", null], ["*.manifest", null], ["lib/", null], ["renpy/", null], ["update/", null], ["common/", null], ["update/", null], ["old-game/", null], ["icon.ico", null], ["icon.icns", null], ["project.json", null], ["log.txt", null], ["errors.txt", null], ["traceback.txt", null], ["image_cache.txt", null], ["text_overflow.txt", null], ["dialogue.txt", null], ["dialogue.tab", null], ["profile_screen.txt", null], ["files.txt", null], ["memory.txt", null], ["tmp/", null], ["game/saves/", null], ["game/bytecode.rpyb", null], ["archived/", null], ["launcherinfo.py", null], ["android.txt", null], ["game/presplash*.*", ["all"]], [".android.json", ["android"]], ["android-*.png", ["android"]], ["android-*.jpg", ["android"]], ["ouya_icon.png", null], ["ios-presplash.*", ["ios"]], ["ios-launchimage.png", null], ["ios-icon.png", null], ["web-presplash.png", ["web"]], ["web-presplash.jpg", ["web"]], ["web-presplash.webp", ["web"]], ["progressive_download.txt", ["web"]], ["steam_appid.txt", null], ["**~", null], ["**.bak", null], ["**/.**", null], ["**/#**", null], ["**/thumbs.db", null], [".*", null], ["**", ["all"]]], "renpy_patterns": [["renpy/common/_compat/**", null], ["renpy/common/_roundrect/**", null], ["renpy/common/_outline/**", null], ["renpy/common/_theme**", null], ["lib/**/_ssl.*", null], ["renpy/**__pycache__/**.cpython-39.pyc", ["all"]], ["renpy/**__pycache__", ["all"]], ["**~", null], ["**/#*", null], ["**/.*", null], ["**.old", null], ["**.new", null], ["**.rpa", null], ["**/steam_appid.txt", null], ["renpy.py", ["all"]], ["renpy/", ["all"]], ["renpy/**.py", ["renpy"]], ["renpy/**.pxd", null], ["renpy/**.pxi", null], ["renpy/**.pyx", null], ["renpy/**.pyc", null], ["renpy/**.pyo", null], ["renpy/common/", ["all"]], ["renpy/common/_compat/**", ["renpy"]], ["renpy/common/**.rpy", ["renpy"]], ["renpy/common/**.rpym", ["renpy"]], ["renpy/common/_compat/**", ["renpy"]], ["renpy/common/**", ["all"]], ["renpy/**", ["all"]], ["lib/*/renpy", null], ["lib/*/renpy.exe", null], ["lib/*/pythonw.exe", null], ["lib/py2-*/", null], ["lib/py*-windows-i686/**", ["windows_i686"]], ["lib/py*-windows-x86_64/**", ["windows"]], ["lib/py*-linux-i686/**", ["linux_i686"]], ["lib/py*-linux-aarch64/**", ["linux_arm"]], ["lib/py*-linux-armv7l/**", ["linux_arm"]], ["lib/py*-linux-*/**", ["linux"]], ["lib/py*-mac-*/**", ["mac"]], ["lib/python2.*/**", null], ["lib/**", ["windows", "linux", "mac", "android", "ios"]], ["renpy.sh", ["linux", "mac"]]], "xbit_patterns": ["**.sh", "lib/py*-linux-*/*", "lib/py*-mac-*/*", "**.app/Contents/MacOS/*"], "version": "1.0", "display_name": "WINTERMUTE", "exclude_empty_directories": true, "allow_integrated_gpu": true, "renpy": false, "script_version": true, "destination": "WINTERMUTE-1.0-dists", "mac_info_plist": {}, "merge": [["linux_i686", "linux"], ["windows_i686", "windows"]], "include_i686": true, "change_icon_i686": true, "android_permissions": [], "_sdk_fonts": false}}